district,consumption_trend,case_growth_rate,current_stock,actual_days_to_stockout
Namakkal,10.37,103.73,288.85,4.52
Erode,-0.88,-6.68,234.8,13.46
Salem,-0.49,7.49,185.57,10.22
Salem,1.58,24.52,246.7,8.64
Namakkal,13.78,113.29,357.68,5.11
Namakkal,10.08,151.78,284.63,3.98
Namakkal,5.61,176.1,290.37,3.89
Namakkal,7.68,108.63,160,2.56
Salem,0.27,24.91,102.91,4
Salem,-1.65,-5.64,14.37,0.73
Namakkal,14.24,145.72,314.16,3.87
Salem,1.73,20.61,113.19,3.91
Namakkal,7.2,72.87,249.04,5.67
Namakkal,11.58,116.24,458.39,7.02
Namakkal,10.51,78.75,412.5,7.79
Salem,-0.63,-5.58,476.53,24.31
Namakkal,12.9,108.35,270.53,4.02
Salem,3.14,-1.48,336.33,15.79
Namakkal,6.05,142.24,146.36,2.25
Salem,0.67,-0.52,258.33,13.09
Namakkal,10.28,139.9,147.18,2.13
Namakkal,13.96,145.33,83.15,0.94
Namakkal,2.68,114.03,440.59,9.42
Namakkal,4.72,61.92,212.62,5.65
Namakkal,8.77,153.45,8.87,0.12
Namakkal,4.54,160.96,432.64,6.49
Namakkal,8.25,135.41,38.51,0.58
Namakkal,12.17,48.3,225.24,4.92
Namakkal,5.71,103.15,282.75,5.32
Namakkal,8.16,170.96,213.92,2.86
Namakkal,3.68,121.46,6.08,0.11
Namakkal,12.77,134.48,352.09,4.31
Namakkal,14.24,171.28,87.45,0.92
Namakkal,4.01,90.74,466.57,10.14
Namakkal,12.77,117.98,250.18,3.61
Namakkal,11.15,45.71,94.95,2.24
Namakkal,14.7,156.17,150.19,1.77
Salem,0.87,18.44,30.87,1.28
Namakkal,12.05,112.36,323.77,4.76
Namakkal,6.13,45.33,215.03,5.1
Namakkal,6.89,62.7,371.1,7.72
Salem,1.95,16.62,152.91,5.56
Namakkal,10.19,94.66,76.77,1.24
Salem,-0.97,26.23,386.11,14.76
Namakkal,9.31,103.5,176.12,2.85
Namakkal,11.97,52.65,178.86,3.49
Namakkal,7.57,47.31,480.57,10.93
Namakkal,10.4,123.14,298.82,4.36
Namakkal,6.33,70.67,495.07,10.34
Salem,-0.02,19.32,365.67,15.09
Salem,3.06,12.03,318.64,14.05
Salem,3.72,26.22,491.1,17.7
Namakkal,5.31,71.5,185.59,4.49
Salem,-1.38,25.26,347.69,16.05
Salem,-1.16,12.16,344.02,16.53
Namakkal,13.24,86,266.42,4.12
Namakkal,11.97,123.1,471.81,6.88
Namakkal,12.52,83.09,443.25,7.39
Salem,1.89,-2,62.68,3.06
Erode,1.3,15.43,411.08,17.95
Namakkal,9.35,121.48,178.77,2.7
Erode,-1.91,12.85,475.37,24.78
Erode,0.82,0.57,430.23,22.62
Salem,3.91,-4.8,359.85,14.69
Erode,-1.69,7.46,156.9,8.2
Salem,1.46,23.04,323.6,11.77
Erode,-1.74,-5.42,302.66,17.8
Salem,2.44,16.18,320.15,11.77
Namakkal,9.93,68.61,128.68,2.34
Erode,3.6,-3.34,481.53,21.27
Erode,1.52,0.08,391.28,17.19
Erode,0.28,14.67,300.41,15.47
Erode,-1.76,2.12,481.51,25.07
Erode,2.74,22.06,174,6.81
Erode,3.55,-13.28,59.07,2.68
Erode,3.02,-9.34,451.32,20.8
Erode,3.08,14.68,318.34,14.8
Erode,1.21,20.95,40.77,1.67
Erode,2.44,-10,53.89,2.57
Salem,-1.62,-5.68,51.61,2.94
Namakkal,10.31,103.85,227.41,3.58
Namakkal,11.13,44.53,463.04,11.06
Salem,-0.62,6.34,237.62,11.41
Namakkal,10.03,96.58,147.35,2.39
Erode,0.17,19.85,462.48,17.86
Erode,-1.84,-11.13,485.31,28.91
Namakkal,14.31,136.64,379.63,4.92
Erode,0.22,19.56,489.63,19.74
Erode,3.42,24.49,200.87,7.28
Namakkal,14.93,131.58,16.33,0.21
Erode,-1.15,21.59,468.62,19.88
Salem,4.56,27.61,309.92,9.16
Salem,-0.86,-8.02,340,19.01
Erode,3.2,7.09,456.85,18.32
Erode,0.81,10.63,296.32,15.04
Salem,2.63,2.73,95.23,4.36
Namakkal,7.04,144.43,29.46,0.42
Erode,2.89,-14.06,232.91,9.88
Salem,2.34,17.68,63.59,2.53
Erode,-0.33,-14.81,242.62,12.34
Erode,-1.02,-3.77,35.9,1.74
Salem,3.03,7.33,152.81,6.22
Namakkal,6.78,141.6,297.09,4.52
Namakkal,14.6,61.2,423.14,8.13
Salem,1.62,-1.81,278.11,12.16
Erode,1.26,19.83,315.69,13.45
Salem,0.74,-0.02,212.11,9.41
Salem,4.72,-4.94,330.05,13.88
Erode,0.67,-11,88.02,4.04
Salem,-1.54,-6.66,458.75,25.09
Namakkal,11.69,106.73,422.01,5.9
Salem,3.29,11.39,322.67,13.76
Erode,-0.01,22.5,240.23,9.05
Namakkal,12.09,146.94,336.13,4.23
Salem,-1.63,4.25,427.86,23.74
Salem,0.72,23.11,491.03,20.63
Erode,-1,6.02,424.91,21.99
Salem,-1.93,24.37,228.5,9.89
Namakkal,8.97,166.63,248.96,3.04
Salem,1.97,18.7,259.01,9.85
Namakkal,10.55,90.44,404.86,7.26
Salem,0,19.23,183.93,8.3
Erode,-0.62,12.7,51.03,2.84
Erode,-1.73,11.67,84.1,4.96
Erode,-0.2,-12.83,257.29,14.07
Erode,3.76,24.46,142.45,5.15
Namakkal,13.79,81.55,142.64,2.39
Namakkal,10.19,78.03,182.48,3.2
Namakkal,8.8,93.82,93.13,1.57
Salem,3.28,4.92,284.78,13.15
Namakkal,8.22,63.14,59.61,1.33
Salem,-0.34,5.68,157.61,7.74
Salem,0.42,5.74,234.92,10.73
Erode,-0.64,1.71,373.82,20.69
Erode,3.5,24.98,322.97,10.37
Namakkal,10.99,174.61,221.25,2.61
Erode,2.78,-14.17,87.51,4.15
Namakkal,13.99,136.11,313.7,3.58
Salem,-1.4,15.84,258.7,12.55
Erode,2.96,2.45,348.12,16.16
Erode,-0.08,5.55,418.66,20.15
Erode,0.26,8.17,60.56,2.92
Erode,0.74,7.55,331.25,17.21
Salem,-0.36,5.93,299.39,14.97
Salem,2.85,28.73,182.47,5.81
Erode,-0.09,-2.82,129.27,5.93
Namakkal,5.37,75.96,160.98,3.62
Salem,4.7,21.66,380.62,13.18
Salem,3.39,-0.87,156.19,6.42
Erode,-1.2,-1.86,244.4,14.18
Namakkal,13.88,168.01,261.11,2.81
Salem,2.77,28.36,171.13,6.09
Erode,2.91,6.76,432.19,20.52
Salem,4.91,11.69,387.48,15.78
Salem,3.36,-4.1,368.28,14.71
Salem,3.81,-2.04,40.59,1.57
Salem,-0.03,5.89,193.72,8.99
Erode,-1.91,8.92,258.71,13.43
Erode,-0.9,-2.44,373.57,20.21
Salem,0.89,24.93,88.09,3.16
Salem,1.27,14.25,186.89,8.93
Erode,3.3,-1.23,34.28,1.47
Erode,1.88,-10.61,6.84,0.32
Salem,1.91,25.61,496,17.84
Namakkal,9.44,167.13,136.43,1.73
Erode,1.86,-8.65,103.35,4.4
Namakkal,4.28,126.84,64.68,1.1
Namakkal,7.64,89.18,310.42,6.12
Namakkal,12.76,143.65,289.29,3.51
Namakkal,4,90.84,35.5,0.75
Namakkal,8.76,46.48,126.74,2.91
Salem,3.44,3.48,486.61,19.09
Salem,2.99,8.71,107.89,4.68
Namakkal,5.96,69.89,366.53,8.66
Salem,2.18,-5.03,333.94,15.55
Namakkal,9.28,119.42,311.2,5.26
Salem,1.02,27.81,326.54,12.18
Salem,0.49,-4.26,429.72,21.44
Salem,1.14,14.99,264.55,11.61
Erode,2.01,19.39,134.82,5.35
Salem,4.15,-2.13,7.78,0.29
Namakkal,14.62,45.98,106.43,2.24
Salem,2.07,22.57,421.94,17.05
Salem,4.81,-1.93,165.99,6.55
Salem,2.1,15.95,225.24,8.74
Erode,0.75,-9.35,15.9,0.73
Erode,1.27,11.77,362.9,15.47
Erode,0.65,-10.22,333.93,15.75
Salem,0.08,22.78,388.22,15.47
Erode,3.46,4.33,238.38,10.92
Erode,0.84,-13.18,118.27,5.36
Erode,-0.91,-12.5,107.79,5.56
Namakkal,10.51,93.43,395.22,6.68
Salem,1.52,3.1,85.66,3.66
Erode,0.52,-0.09,450.51,23.58
Namakkal,4.37,93.26,306.71,6.96
Namakkal,4.58,159.26,370.45,6.25
Salem,3.46,-4.93,287.07,11.59
Namakkal,11.49,109.69,340.82,5.03
Salem,-0.69,16.42,387.83,15.56
Namakkal,12.35,159.3,353.17,4.19
Salem,1.61,2.51,423.22,19.3
Erode,-0.39,-4.74,20.03,0.98
Erode,2.52,-5.21,192,8.34
Namakkal,12.74,68.82,211.43,3.59
Erode,3.96,21.52,361.33,11.53
Erode,0.08,4.41,460.19,25.14
Salem,2.6,13.62,358.55,14.49
Erode,1.36,3.24,86.98,4.4
Erode,-1,2.2,239.61,13.59
Namakkal,14.73,168.11,293.82,3.11
Namakkal,14.83,110.48,162.3,2.29
Erode,0.74,-3.6,170.38,7.52
Erode,3.53,7.06,9.65,0.42
Salem,3.03,28.78,307.21,9.68
Namakkal,11.88,110.41,209.44,2.93
Namakkal,6.34,73.11,109.65,2.55
Erode,2.31,19.93,255.66,9.81
Salem,3.38,13.28,326.28,14.43
Erode,2.91,13.65,112.72,4.5
Salem,1.25,12.53,104.33,4.97
Salem,0.37,4.44,464.56,20.99
Erode,2.64,-8.23,156.05,7.08
Erode,1.62,6.27,325.94,16.32
Namakkal,7.34,102.79,214,3.61
Salem,2.73,23.06,368.64,14.31
Erode,2.1,-0.59,26.24,1.11
Erode,-1.91,14.68,144.85,7.31
Erode,2.64,-13.41,448.68,18.55
Erode,2.24,17.6,164.29,5.78
Erode,1.91,-5.41,428.46,19.72
Salem,1.82,-1.48,43.61,1.92
Namakkal,10.51,147.49,361.27,4.54
Erode,0.62,-12.28,255.89,12.7
Salem,2.41,15.85,341.87,12.23
Erode,-0.08,13.02,270.03,13.7
Salem,3.07,11.21,247.65,10.15
Salem,3.4,-2.61,313.02,14.26
Namakkal,12.51,53.58,265.67,5.52
Namakkal,2.46,155.93,30.02,0.52
Erode,2.9,-8.97,38.74,1.84
Salem,1.46,29.82,441.34,15.14
Erode,1.04,-13.88,162.37,7.38
Salem,-1.48,21.85,406.79,16.6
Erode,2.35,11.27,82.98,3.37
Namakkal,12.7,76.59,86.17,1.44
Salem,4.83,3.5,21.38,0.86
Salem,4.2,4.66,498,19.47
Namakkal,8.99,162.06,342.5,4.57
Namakkal,6.92,86.9,113.44,2.07
Erode,0.74,16.62,93.41,4.22
Erode,0.1,12.12,193.65,9.68
Salem,-1.84,17.24,290.75,14.11
Erode,3.99,9.37,493.95,19.03
Salem,0.21,20.54,65.96,2.54
Erode,-0.33,-2.88,67.61,3.19
Namakkal,3.07,113.57,126.51,2.82
Namakkal,11.41,154.74,79.93,1.08
Salem,4.93,24.02,475.02,16.23
Namakkal,7.07,91.27,76.19,1.61
Namakkal,10.48,164.17,307.19,4.01
Salem,-0.93,22.84,174.36,7.84
Erode,-1.29,-6.46,173.06,9.86
Namakkal,9.08,59.41,312.24,6.47
Salem,0.48,-6.96,136.66,7.14
Salem,4.27,-3.27,205.47,8.41
Erode,-0.1,-13.57,369.83,19.01
Namakkal,4.82,81.73,326.12,7.2
Namakkal,6.15,179.11,60.6,0.85
Namakkal,6.91,54.88,333.86,7.69
Erode,1.7,-1.67,124.14,6.19
Namakkal,14.73,119.74,311.44,4.04
Namakkal,6.25,74.19,365.9,7.51
Erode,2.37,16.24,62.75,2.31
Erode,2.82,19.05,277.98,9.88
Salem,-1.17,-1.08,292.08,14.57
Namakkal,4.26,49.17,217.67,6.12
Salem,-1.84,-4.81,246.29,12.96
Namakkal,2.13,68.3,113.54,3.19
Namakkal,5.51,131.75,281.43,5.22
Erode,3.35,22.54,85.93,3.2
Namakkal,12.72,132.06,356.01,4.9
Namakkal,12.65,71.9,126.08,2.35
Salem,3.26,8.02,242.86,10.55
Erode,2.41,22.81,103.27,3.59
Erode,3.85,17.28,475.62,18.21
Erode,3.58,14.89,190.92,7.32
Erode,-0.82,8.33,97.97,4.89
Namakkal,9.24,141.61,360.89,4.83
Namakkal,4.17,40.77,49.92,1.51
Erode,1.53,3.88,428.76,20.95
Salem,4.32,29.92,76.92,2.63
Namakkal,8.12,133.57,375.62,5.9
Namakkal,14.54,78.32,416.36,6.59
Namakkal,9.08,107.08,272.44,4.31
Salem,-0.59,12.57,295.66,14.57
Salem,3.23,18.39,243.62,8.2
Namakkal,4.57,110.83,441.99,8.16
Erode,-1.77,-10.36,74.9,4.32
Erode,-0.2,23.21,258.49,10.64
Erode,3.75,0.21,138.79,6.1
Namakkal,3.54,73.96,376.3,8.74
Namakkal,5.11,157.42,43.69,0.65
Salem,0.11,-0.92,163.28,7.34
Namakkal,13.62,51.6,344.56,7.14
Salem,-1.95,21.92,275.61,13
Erode,1.77,-12.42,191.27,8.97
Erode,0.31,11.18,245.59,10.92
Salem,3.63,19.29,287.3,9.82
Namakkal,3.17,71.04,492,13.29
Salem,3.94,8.46,197.64,7.6
Namakkal,11.14,66.04,450.05,8.72
Namakkal,11.78,148.82,396.44,5.09
Namakkal,7.24,95.85,461.24,8.92
Namakkal,2.72,97.26,483.03,11.57
Namakkal,3.9,113.64,390.5,7.39
Erode,-0.72,21.71,136.65,5.74
Namakkal,3.51,157.95,23.3,0.39
Erode,3.13,3.64,381.24,15.84
Namakkal,4.97,40.69,487.8,13.25
Erode,1.65,-11.99,249.14,12.57
Salem,-1.67,12.15,422.94,23.26
Namakkal,10.42,41.76,335.04,7.2
Namakkal,10.61,110.87,482.71,7.44
Salem,3.05,19.67,127,4.29
Salem,4.64,6.31,211.52,8.99
Erode,0.82,21.79,39.92,1.43
Salem,-0.26,28.98,57,2.24
Erode,3.31,1.95,292.99,12.13
Erode,-1.52,-3.98,101,5.97
Erode,-0.22,-9.94,7.72,0.41
Erode,2.18,8.07,22.02,0.89
Namakkal,3.79,59.61,102.89,2.7
Salem,4.26,-0.8,373.28,14.22
Salem,2.08,3.41,221.78,9.7
Erode,-0.13,-14.95,102.21,5.47
Salem,2.63,-3.06,113.98,5.36
Namakkal,11.93,54.27,311.34,6.51
Erode,0.55,20.62,164.01,6.97
Erode,-0.24,-7.3,60.02,3.15
Salem,2.35,13.27,89.83,4.11
Erode,3.67,-14.49,150.16,6.12
Salem,3.11,-5.38,154.34,6.73
Namakkal,2.34,71.23,119.36,3.01
Erode,0.03,21.39,143,6.09
Erode,0.11,11.36,253.31,12.24
Salem,1.41,22.47,486.23,18.64
Salem,2.24,29.98,206.45,7.4
Erode,2.94,-5.19,160.99,7.07
Salem,-0.87,-8.36,366.15,17.94
Salem,-1.43,11.67,302.24,16.35
Erode,-0.11,7.63,190.61,9.21
Erode,-0.24,10.6,128.66,6.83
Namakkal,13.13,71.32,416.94,6.73
Namakkal,12.37,123.75,56.64,0.74
Erode,0.16,20.93,266.22,11.86
Namakkal,6.42,148.37,330.09,5.1
Namakkal,2.85,144.44,28.59,0.5
Erode,1.32,8.77,82.54,4.15
Erode,2.54,-9.51,173.94,7.39
Erode,-0.45,-13.14,26.11,1.35
Erode,-0.82,-2.82,308.7,15.68
Namakkal,13,161.63,490.01,6.04
Namakkal,12.54,70.45,478,8.17
Namakkal,14.99,172.97,254.48,2.81
Erode,1.44,-14.12,203.19,10.29
Namakkal,10.8,104.41,273.36,3.94
Salem,3.67,25.92,93.13,2.97
Erode,3.38,17.9,378.16,13.68
Namakkal,9.49,65.23,41.63,0.83
Salem,1.36,15.83,113.64,4.4
Namakkal,8.08,177.78,11.48,0.16
Salem,2.36,15.72,44.79,1.78
Namakkal,12.58,152.07,78.81,0.98
Salem,1.72,-6.68,122.36,5.96
Salem,-1.68,15.82,76.47,3.47
Namakkal,9.43,110.31,388.79,6
Namakkal,5.08,57.55,450.18,10.48
Salem,-0.79,24.66,349.14,13.26
Namakkal,13.02,177.63,249.43,2.6
Salem,-0.15,-7.62,130.29,6.74
Erode,3.87,13.12,329.92,13.1
Erode,2.16,3.07,203.8,9.7
Erode,1.47,-1.86,473.93,20.2
Erode,3.15,6.3,248.69,11.02
Salem,-1.96,25.71,179.05,8.09
Erode,0.31,8.14,112.62,5.55
Erode,-1.38,-10.48,346.15,17.84
Namakkal,10.92,172.55,415.44,4.81
Salem,-0.14,12.88,443.77,20.84
Erode,3.25,-13.88,38.09,1.75
Salem,-1.69,20.92,221.81,10.94
Salem,3.26,25.74,405.91,14.3
Namakkal,4.44,70.48,394.39,8.64
Namakkal,9.47,124.35,266.57,4.07
Namakkal,9.41,82.4,278.44,4.93
Namakkal,4.96,119.55,161.54,2.97
Namakkal,3.4,164.4,213.67,3.78
Erode,-1.25,16.1,12.97,0.59
Erode,-0.14,20.58,140.62,5.52
Salem,3.93,15.42,363.16,14.22
Erode,3.3,2.01,89.38,3.73
Namakkal,9.56,70.16,173.15,3.21
Salem,-0.85,-7.69,216.5,11.66
Namakkal,3.18,61.98,249.69,6.38
Namakkal,13.34,73.62,309.89,5.43
Salem,-0.55,-3.08,295.36,15.4
Erode,-0.2,-10.96,349.97,17.74
Namakkal,10.48,121.55,16.4,0.26
Erode,3.04,-2.16,286.58,12.05
Salem,2.47,-3.76,173.1,7.37
Erode,1.32,-10.77,94.63,4.25
Erode,-1.59,-2.16,219.7,11.85
Erode,-1.78,17.68,164.22,7.99
Namakkal,5.22,159.22,103.33,1.59
Erode,-1.67,-8.35,241.11,12.65
Salem,1.3,0.31,311.68,15.45
Salem,-0.86,28.15,203.31,8.81
Salem,4.31,21.12,159.51,5.19
Salem,2.19,-7.44,40,1.89
Salem,3.41,-0.17,421.78,16.34
Namakkal,12.39,86.05,452.21,7.39
Namakkal,10.4,108.83,468.42,7.95
Salem,-1.24,16.32,365.63,17.83
Erode,1.27,21.34,291.86,11.65
Namakkal,5.79,90.26,316.34,6.88
Namakkal,9.24,119.88,367.58,5.77
Salem,0.86,15.77,390.2,14.66
Namakkal,7.47,118.77,409.99,7.34
Salem,3.35,19.2,301.75,10.99
Salem,2.16,17.69,306.77,12.4
Namakkal,5.1,114.86,195.45,3.48
Namakkal,5.15,41.68,372.57,11.36
Namakkal,14.33,152.62,418.32,5.04
Erode,1.47,15.56,395.59,16.51
Namakkal,14.76,62.94,33.48,0.63
Namakkal,13.06,163.66,193.74,2.36
Salem,2.17,29.89,365.67,13.73
Namakkal,5.37,168.25,275.88,4.14
Erode,-1.9,12.97,260.45,14.07
Erode,-0.18,-13.64,324.35,14.94
Namakkal,4.14,129.42,405.13,8.03
Namakkal,4.25,110.03,369.9,7.85
Salem,4.33,-8.25,393.27,15.8
Salem,1.57,3.5,429.16,19.99
Namakkal,8.95,176.95,497.62,5.91
Erode,1.52,20.23,427.3,15.62
Salem,-1.05,-7.5,278.81,14.59
Erode,2.12,1.54,86.23,3.61
Namakkal,5.15,87.91,362.77,8.24
Salem,0.84,3.57,17.43,0.91
Salem,1.89,13.33,332.62,16.35
Salem,-0.88,12.37,393.81,20.41
Namakkal,2.52,49.84,353.45,10.2
Erode,2.42,-11.72,427.27,20
Salem,-0.24,4.15,27.26,1.27
Salem,-1.83,-1.81,222.68,11.11
Salem,2.64,-5.23,366.29,16.6
Erode,1.53,0.79,280.82,13.42
Namakkal,13.64,41.3,498.7,10.01
Namakkal,2.99,107.49,252.86,4.88
Namakkal,14.5,172.34,339.93,3.29
Salem,-1.29,1.18,305.68,15.3
Erode,2.45,10.56,438.57,19.11
Salem,-0.65,-8.05,468.06,22.08
Namakkal,14.27,133.27,468.16,6.3
Salem,2.96,6.97,384.58,16.76
Erode,0.26,24.34,450.92,16.5
Erode,1.94,19.3,47.72,1.9
Salem,1.28,2.84,334,16.89
Namakkal,10.17,175.07,376.98,4.46
Namakkal,12.76,53.21,484.56,9.39
Salem,3.89,28.08,66.82,2.29
Namakkal,7.79,177.6,218.34,2.68
Salem,3.89,23.29,489.1,17.36
Erode,3.35,-2.19,245.19,9.9
Erode,1.2,5.39,47.5,2.32
Erode,-1.58,11.89,231.47,12.21
Namakkal,7.96,135.86,117.37,1.63
Erode,0.93,2.45,188.44,8.4
Erode,2.98,7.66,402.53,17.8
Erode,-1.48,4.21,461.29,26.9
Erode,2,9.38,110.81,4.89
Namakkal,14,179.85,360.02,3.7
Erode,3.21,-11.05,195.91,8.99
Salem,1.98,29.8,284.97,10.38
Namakkal,3.17,83.87,28.15,0.62
Erode,3.84,23.67,48.16,1.77
Erode,2.15,-3.09,231.05,10.39
Erode,0.01,-3.62,435.39,20.84
Erode,2.14,-13.61,121.91,5.16
Namakkal,12.22,170.98,71.01,0.86
Salem,4.57,8.18,66.15,2.43
Erode,1.27,23.37,188.83,7.36
Salem,-1.86,7.73,311.49,16.56
Namakkal,14.26,162.63,339.38,3.4
Erode,0.03,7.42,112.79,6.17
Namakkal,8.3,135.18,493.31,7.43
Namakkal,2.02,57.03,372.55,10
Salem,-1.68,0.34,234.97,12.76
Namakkal,4.86,117.26,485.35,8.73
Erode,3.23,-7.35,319.48,13.84
Namakkal,12.82,146.08,476.39,5.65
Namakkal,5.14,129.95,107.75,1.84
Erode,0.53,9.29,143.65,6.66
Salem,-1.85,-4.21,164.5,8.54
Namakkal,6.35,123.59,148.23,2.5
Namakkal,14.06,107.77,62.14,0.9
Erode,1.19,-3.21,266.58,12.12
Namakkal,13.09,83.31,6.71,0.11
Namakkal,5.08,44.76,412.11,11.89
Salem,-0.31,5.04,316.55,15.97
Namakkal,6.94,155.91,248.67,3.68
Salem,3.47,-2.64,240.42,10.62
Erode,0.49,-9.03,471.87,22.24
Erode,0.42,-5.02,236.27,11.79
Namakkal,2.07,163.24,473.87,8.87
Erode,2.68,-0.3,456.32,19.08
Namakkal,4.6,75.72,17.73,0.39
Erode,2.03,-10.98,442.31,21.89
Namakkal,5.47,49.28,447.53,12.43
Erode,1.68,6.5,280.85,12.45
Erode,2.79,-8.73,206.49,9.88
Erode,2.01,1.31,337.36,14.62
Erode,-1.56,-14.35,377.91,20.57
Salem,3.18,1.38,219.9,9.5
Namakkal,7.13,79.2,306.34,6.32
Salem,2.99,22.14,424.55,14.83
Salem,4.68,23.12,77.69,2.79
Erode,2.09,7.67,320.44,13.32
Erode,-1.12,-8.21,292.78,15.55
Salem,1.63,12.79,360.98,16.98
Salem,-1.42,26.46,73.38,3.08
Erode,-1.02,24.64,90.58,3.91
Namakkal,2.84,151.84,154.82,2.54
Erode,-1.22,12.61,77.82,4.15
Namakkal,9.41,78.34,248.92,4.34
Erode,-0.26,11.91,284.15,13.05
Erode,2.79,-5.56,189.82,8.7
Erode,3.42,-13.67,224.26,9.82
Salem,1.54,22.47,369.13,15.35
Namakkal,10.95,83.91,39.33,0.7
Erode,-0.71,-5.03,87.65,4.36
Erode,-1.45,-0.08,237.93,12.19
Erode,3.74,-9.5,27.12,1.22
Erode,2.62,6.68,475.26,23.05
Namakkal,14.29,112.34,316.88,4.62
Salem,-1.6,14.73,85.46,4.67
Erode,2.51,-14.24,232.07,10.63
Salem,4.84,-8.79,454.71,18.53
Salem,-0.97,5.04,466.33,25.49
Salem,4.99,19.59,138.34,4.51
Erode,1.19,-8.63,335.12,15.53
Erode,3.36,5.1,414.66,19
Erode,-1.31,-3.88,303.43,16.48
Erode,1.69,3.75,47.09,2.23
Erode,-1.03,15.02,253.68,11.33
Salem,0.08,13.05,42.07,2.15
Erode,0.67,15.47,157.74,6.9
Namakkal,9.34,78.05,122.26,2.3
Erode,1.28,-6.99,125.95,6.04
Namakkal,14.92,94.29,97.39,1.53
Namakkal,4.47,125.83,166.59,2.74
Erode,0.85,0.88,296.84,14.13
Salem,1.59,18.33,391.72,15.17
Salem,-0.02,22.7,368.17,15
Namakkal,2.41,50.07,159.18,4.37
Erode,1.72,15.07,429.25,15.7
Salem,-1.2,-6.13,447.11,24.88
Namakkal,14.61,158.15,309.11,3.44
Namakkal,10.78,118.42,150.68,2.03
Erode,3.95,11.93,225.84,9.79
Erode,1.21,20.55,317.79,13.49
Erode,-0.91,24.18,385.63,15.78
Erode,1.65,-11.21,69.5,3.14
Namakkal,5.97,172.41,315.72,4.35
Namakkal,5.28,87.84,389.34,8.94
Salem,-0.33,19.23,115.82,4.53
Salem,4.72,21.9,80.47,2.93
Salem,-1.05,17.48,315.76,12.97
Salem,1.03,-7.15,41.97,1.89
Erode,1.72,6.25,100.46,4.77
Salem,4.73,4.6,265.44,10.38
Namakkal,7.89,149.97,109.59,1.63
Erode,-1.04,13.87,362.26,17.84
Erode,3.18,-13.51,177.82,7.43
Salem,3.12,14.5,217.46,8.65
Erode,-1.72,-6.45,494.37,28.81
Namakkal,12.64,80.61,274.75,4.27
Erode,1.15,-3.87,182.6,9.45
Erode,1.81,12.84,178.24,8.03
Erode,-1.67,-13.65,447.49,23.93
Salem,-0.32,13.93,153.13,7.98
Salem,2.83,-6.87,266.79,11.95
Salem,2.04,20.47,145.65,5.46
Salem,1.19,7.89,379.51,18.22
Namakkal,14.51,114.33,312.03,4.19
Namakkal,14.99,67.92,206.6,3.78
Erode,0.49,10.62,368.4,17.11
Salem,-1.78,5.85,215.34,11.54
Namakkal,4.35,103.33,379.33,8.05
Namakkal,14.5,108.01,20.67,0.31
Salem,2.9,-7.64,480.37,21.15
Namakkal,3.04,98.31,295.23,7.06
Namakkal,7.98,77.81,270.6,5.17
Namakkal,13.87,137.14,188.98,2.33
Namakkal,9.6,98.93,298.06,4.95
Salem,-0.13,21.62,66.28,2.57
Salem,-0.73,19.63,274.54,12.58
Namakkal,6.67,69.37,97.66,2.26
Namakkal,14.1,65.93,74.09,1.27
Salem,1.66,20.75,283.63,11.11
Salem,-1.29,22.31,99.14,4.24
Salem,4.76,20.98,13.51,0.45
Namakkal,5.37,101.91,215.95,4.47
Namakkal,2.91,41.76,41.75,1.18
Namakkal,7.14,142.12,220.03,3.65
Erode,3.1,12.15,445.84,20.53
Erode,-1.04,19.61,385.77,15.41
Erode,2.15,-7.73,246.16,10.17
Namakkal,9.67,142.4,434.76,6.31
Namakkal,9.51,160.16,417.38,5.11
Erode,-1.2,-3.61,250.2,13.69
Salem,-0.33,-5.96,17.65,0.87
Erode,-1.75,-4.19,112.77,5.89
Salem,4.2,9.71,360.69,14.35
Salem,1.01,27.48,191.38,7.59
Salem,2.89,-7.22,15.47,0.72
Erode,-0.95,11.43,24.82,1.29
Salem,2.68,20.86,95.35,3.68
Namakkal,3.68,74.75,16.01,0.38
Erode,2.04,19.6,291.92,10.88
Erode,-0.36,9.66,18.52,1.02
Erode,0.37,20.05,57.32,2.23
Namakkal,12.15,131.02,408.95,5.67
Salem,-1.39,15.55,9.44,0.43
Erode,-0.87,22.32,59.27,2.67
Salem,0.6,12.2,204.23,9.01
Erode,3.46,23.79,430,13.63
Erode,-1.77,-0.04,343.27,18.52
Salem,-1.01,6.8,299.71,17.33
Salem,3.82,4.67,290.23,13.4
Namakkal,13.3,55.59,278.36,5.7
Erode,3.79,23.43,214.65,7.34
Salem,-0.71,18.31,63.3,2.9
Erode,-0.04,3.18,180.2,8.32
Namakkal,6.05,178.62,261.8,3.35
Namakkal,2.63,173.57,204.54,3.09
Erode,0.86,21.54,300.63,11.53
Erode,0.54,6.51,321.58,14.85
Erode,0.48,-12.81,290.71,14.1
Salem,0.39,-6.14,311.26,14.66
Namakkal,7.7,50.25,137.3,3.41
Salem,-1.37,-8.92,440.08,22.48
Salem,-0.69,8.84,466.19,22.35
Salem,4.09,21.84,80.62,2.65
Salem,0.19,27.94,96.67,3.42
Salem,2.15,6.67,335.38,14.78
Erode,-1.85,11.49,397.56,22.97
Namakkal,4.39,44.9,316.51,9.52
Namakkal,5.59,41.42,302.25,9.01
Erode,3.56,6.3,350.24,15.06
Erode,-1.35,-7.72,277.05,13.55
Namakkal,4.84,55.6,207.05,5.04
Namakkal,9.27,66.28,294.21,5.87
Salem,0.08,-8.57,385.34,19.51
Namakkal,10.16,125.58,387.75,5.16
Erode,2.46,-4.19,229.64,10.03
Namakkal,13.02,169.44,86.55,0.89
Salem,1.32,17.17,71.68,2.73
Erode,0.14,7.58,266.77,13.38
Salem,1.68,13.42,111.17,4.93
Namakkal,13.11,48.31,50.01,1.09
Salem,4.78,-9.8,116.71,5.01
Namakkal,11.14,163.99,471.65,6.06
Salem,-0.27,26.82,87.23,3.66
Salem,1.23,28.85,128.99,4.5
Namakkal,14.53,40.36,378.53,7.97
Namakkal,12.23,67.64,275.29,5.22
Erode,3.89,-2.49,466.69,19.16
Erode,1.92,-10.46,62.46,2.83
Namakkal,3.51,116.26,152.69,2.81
Namakkal,9.06,143.72,388.86,5.85
Erode,2.08,18.81,312.08,11.22
Erode,1.44,11.99,309.86,13.89
Namakkal,5.68,143.78,23.18,0.38
Erode,2.48,23.63,448.31,16.85
Namakkal,10.14,116.32,135.78,1.91
Salem,0.88,5.38,482.14,23.14
Erode,-1.95,-9.08,18.98,1.06
Erode,-0.71,15.9,92.04,3.84
Salem,0.89,27,281.17,11.14
Namakkal,11.73,56.83,232.23,4.33
Erode,-1.14,-2.1,188.81,10.1
Salem,-1.05,11.72,247.58,12.83
Namakkal,4.39,129.62,296.81,5.34
Erode,2.28,15.91,479.96,18.92
Erode,3.8,11.53,496.44,20.07
Salem,-1.53,6.68,163.94,9.42
Erode,1.81,11.64,367.7,15.46
Erode,1.37,-0.91,317.17,13.81
Salem,4.33,27.51,198.38,5.97
Salem,1.91,10.63,380.67,16.73
Erode,-0.08,20.46,198.99,7.75
Namakkal,3.24,75.6,207.95,5.01
Namakkal,7.7,77.6,333.79,7.39
Erode,-0.54,8.98,273.87,15.37
Salem,0.96,24.43,237.96,9.27
Namakkal,5.42,102.42,404.22,7.14
Salem,-0.59,6.95,44.68,2.27
Salem,2.08,29.11,299.83,10.19
Erode,2.57,17.88,346.62,13.4
Salem,0.08,5.35,58.92,2.93
Erode,-0.57,16.81,293.17,14.06
Erode,2.35,-12.63,188.57,7.71
Erode,1.32,13.69,394.18,19.91
Salem,2.77,26.12,142.18,4.88
Erode,3.07,12,32.61,1.49
Erode,1.65,10.73,74.95,3.5
Namakkal,7.25,40.81,184.47,4.35
Namakkal,2.61,113,72.19,1.43
Namakkal,5.85,132.28,13.21,0.22
Salem,0.82,-8.51,76.03,3.45
Erode,3.22,12.81,91.57,4.05
Erode,-1.98,9.13,115.95,6.75
Erode,-0.37,-1.2,81.31,4.55
Namakkal,11.95,53.16,249.29,5.33
Namakkal,6.92,170.39,37.83,0.57
Salem,2.35,5.29,402.31,19.31
Namakkal,3.54,62.65,371.63,10.65
Erode,-1.59,21.64,478.75,20.13
Erode,2.52,24.69,55.83,1.89
Erode,2.87,19.07,279.49,10.31
Erode,2.98,-6.11,375.62,16.75
Erode,0.63,21.15,63.73,2.41
Erode,2.3,21.13,270.35,10.07
Salem,0.82,12.89,310.91,16.06
Namakkal,3.59,155.59,273.16,4.97
Salem,2.58,14.23,184.35,8.7
Namakkal,7.99,49.02,108.28,2.36
Erode,1.16,-4.07,28.26,1.33
Salem,0.71,7.75,219.55,10.73
Salem,2.84,4.68,362.17,17.34
Namakkal,14.7,140.75,115.9,1.44
Salem,-1.97,-4.9,409.09,24.08
Salem,-0.76,22.93,147.92,6.1
Namakkal,13.44,158.95,481.77,5.19
Namakkal,8.93,100.42,274.41,4.62
Salem,2.61,1.27,460.04,21.04
Namakkal,13.09,132.84,283.68,3.46
Salem,2.03,8.09,290.25,13.81
Namakkal,6.37,144.81,276.99,4.44
Erode,-1.97,13.07,89.21,5.43
Salem,3.28,-6.97,27.62,1.18
Salem,1.57,10.17,478.13,23.75
Erode,2.5,22.92,358.03,13.34
Erode,2.58,0.48,307.84,13.01
Salem,4.96,0.85,67.21,2.54
Erode,2.06,21.67,142.31,5.28
Namakkal,6.36,92.07,228.1,4.39
Namakkal,3.59,121.78,147.02,2.57
Erode,1.72,-4.56,74.53,3.14
Erode,-0.16,-8.9,488.2,22.82
Salem,1.51,8.76,258.03,12.89
Erode,-1.8,-1.67,13.12,0.79
Namakkal,14.64,139.7,37.86,0.43
Erode,3.78,-14.59,417.89,18.35
Namakkal,12.93,87.06,286.17,4.52
Erode,-1.19,-4.16,437.89,21.43
Erode,0.51,21.07,386.68,14.43
Namakkal,3.59,80.03,271.02,6.38
Erode,2,2.12,365.09,18.23
Erode,0.22,-11.63,5.83,0.26
Namakkal,8.46,138.5,41.47,0.55
Salem,2.55,19.89,152.23,5.43
Namakkal,2.15,130.92,262.22,4.63
Erode,-0.63,12.39,414.28,21.84
Salem,2.32,5.29,435.13,19.93
Erode,2.99,-13.83,91.63,4.14
Namakkal,8.88,104.72,459.22,7.9
Salem,4.44,4.36,413.67,18.61
Namakkal,6.44,116.77,370.33,6.18
Erode,0.64,-8.49,197.22,10.41
Namakkal,14.73,151.99,298.13,3.67
Salem,-1.48,21.88,190.92,8.38
Erode,-1.09,-10.25,294.37,14.14
Namakkal,12.44,152.86,257.5,2.88
Namakkal,8.43,87.31,99.39,1.9
Salem,1.28,10.28,103.81,4.64
Namakkal,7.82,104.09,57.51,1.01
Erode,1.31,23.57,160.84,5.5
Erode,-0.35,12.67,294.64,15.54
Namakkal,8.69,62.97,460.34,10.19
Salem,1.87,28.04,160.37,5.46
Erode,3.22,-6.93,450.08,17.99
Erode,2.37,8.15,292.94,13.33
Salem,1.84,16.75,338.56,14.38
Namakkal,13.24,121.53,36.29,0.45
Namakkal,9.33,178.9,254.13,3.24
Erode,3.17,15.36,55.62,1.89
Namakkal,4.47,43.49,78.87,2.31
Salem,-0.19,26.72,365.46,15.26
Namakkal,5.15,110.55,67.44,1.32
Erode,-0.56,-9.75,155.25,8.46
Salem,1.71,20.33,273.52,10.65
Erode,-0.66,6.68,315.42,15.06
Salem,-1.85,2.65,378.27,21.93
Erode,1.78,0.78,313.01,14.78
Namakkal,8.51,75.89,319.26,6.68
Namakkal,11.99,74.62,177.38,3.22
Salem,-1.45,27.19,343.25,15.27
Salem,-1.55,3.2,61.96,3.45
Namakkal,14.74,131.11,17.36,0.22
Namakkal,10.42,167.02,112.91,1.3
Erode,3.01,11.31,244.55,11.39
Erode,3.85,15.42,473.47,18.62
Salem,-1.53,16.2,13.16,0.63
Salem,4.87,14.18,100.19,3.79
Erode,3.97,-0.31,149.82,6.04
Salem,4.11,-0.96,115.07,5.16
Salem,3.17,0.16,465.31,18.42
Salem,2.65,25.06,273.16,9.95
Salem,0.27,27.09,98.65,3.51
Erode,-0.62,14.08,62.51,2.94
Erode,1.32,15.41,328,12.14
Salem,1.39,-9.46,178.92,8.09
Namakkal,9.5,163.22,18.04,0.25
Erode,3.37,12.59,433.75,17.98
Namakkal,13.18,155.17,327.27,3.88
Salem,2.3,-9.35,446.29,21.93
Erode,0.82,-10.86,440.51,21.54
Erode,2.72,3.41,460.81,21.34
Namakkal,8.76,178.67,419.34,5.76
Namakkal,3.35,73.58,440.71,11.06
Erode,-1.86,4.1,341.29,20.38
Namakkal,8.27,74.42,11.23,0.23
Erode,3.52,-1.15,380.31,17.24
Namakkal,3.42,164.44,8.15,0.13
Salem,0.92,15.85,28.15,1.27
Namakkal,3.94,161.39,411.33,6.49
Namakkal,6.05,108.9,499.67,10.03
Salem,-1.27,-0.01,276.74,14.02
Salem,3.96,11.37,327.22,13.19
Namakkal,13.98,116.62,330.33,4.81
Namakkal,5.06,49.3,153.4,3.92
Namakkal,13.29,139.99,139.47,1.66
Erode,2.76,15.48,347.41,11.91
Namakkal,5.35,141.77,166.86,2.74
Namakkal,2.75,117.08,229.73,4.83
Namakkal,13.6,126.03,13.26,0.16
Salem,-1.42,27.78,174.58,6.83
Erode,2.44,-5.32,364.79,17.75
Namakkal,14.05,130.23,419.99,4.89
Erode,2.2,9.67,214.42,10.37
Erode,0.91,8.2,395.96,20.61
Salem,-0.16,3.93,134.41,6.78
Salem,0.63,-8.42,121.04,5.99
Namakkal,9.97,112.13,38.47,0.66
Salem,-1.26,7.11,132.54,7.67
Salem,-0.43,8.91,317.82,14.68
Namakkal,5.11,52.07,154.73,3.8
Namakkal,9.29,177.13,61.11,0.77
Salem,2.75,12.07,489.69,19.48
Erode,0.61,7.99,190.58,8.72
Salem,4.64,-0.99,364.34,13.66
Salem,-1.54,17.01,196.59,9.81
Namakkal,8.83,115.48,451.1,7.23
Namakkal,3,138.12,65.47,1.2
Namakkal,7.66,132.67,494.35,7.57
Namakkal,4.19,111.39,432.55,8.53
Namakkal,5.43,150.54,319.56,4.73
Salem,1.92,-8.59,478.43,23.51
Namakkal,12.38,97.18,453.74,7
Salem,3.63,28.83,151.85,4.77
Salem,0.43,-6.56,367.44,17.88
Erode,3.05,20.72,283.27,9.8
Namakkal,3.12,92.58,438.25,10.19
Erode,1.38,-13.88,197.17,9.38
Salem,-0.52,20.3,447.13,18.72
Salem,0.08,15,75.45,4.02
Namakkal,3.2,147.44,120.86,1.92
Namakkal,12.2,175.69,268.68,2.96
Salem,3.25,15.52,248.55,8.88
Erode,1.7,15.09,152.7,5.63
Namakkal,7.5,45.53,244.35,5.79
Erode,1.85,-9.3,398.99,16.49
Erode,2.39,-9.74,50.4,2.18
Erode,2.42,0.96,260.49,11
Erode,2.71,3.87,253.84,11.91
Namakkal,9.53,58.64,69.95,1.5
Salem,-1.8,25.22,450.87,18.21
Erode,1.56,-0.79,76.27,3.78
Salem,3.92,29.47,280.96,9.11
Namakkal,2.46,93.09,121.09,2.76
Salem,4.09,13.92,308.4,13.35
Salem,-0.43,-1.15,419.34,23.56
Salem,0.7,22.14,424.87,15.45
Namakkal,12.88,175.49,346.9,4.11
Erode,2.28,17.11,466.07,17.77
Salem,-1.82,-4,307.44,16.67
Erode,1.04,-3.2,239.64,11.08
Salem,-1,19.17,214.72,8.78
Salem,2.32,21.03,85.13,3.45
Erode,-0.07,-8.95,261.61,12.28
Erode,-0.44,-13.85,46.14,2.2
Erode,-0.92,20.07,27.86,1.2
Salem,-1.86,19.92,134.76,6.32
Erode,0.48,-1.28,486.74,21.84
Salem,-0.38,20.18,229.76,10.5
Namakkal,10.96,65.1,7.83,0.16
Erode,2.1,13.67,163.91,6.73
Erode,-1.58,8.39,389.67,19.99
Erode,-0.68,8.63,446.77,23.59
Namakkal,6.07,177.83,264.63,3.82
Erode,1.25,-14.22,113.96,5.08
Salem,-1.63,-8.29,195.01,10.91
Salem,-0.63,13.58,479.44,26.71
Salem,2.9,12.8,249.95,10.86
Erode,0.08,10.73,272.15,14.87
Erode,3.84,-1.48,159.08,6.16
Salem,-1.71,-9.21,189.17,10.09
Erode,0.83,18.51,133.59,5.28
Erode,-1.12,-1.5,210.58,11.06
Erode,3.72,5.64,238.63,10.75
Namakkal,4.07,51.83,391.76,10.59
Namakkal,11.57,112.08,105.04,1.45
Salem,4.59,10.89,415.66,16.9
Erode,-1.95,-10.97,50.12,2.94
Salem,3.68,0.5,149.68,6.54
Namakkal,8.26,99.75,437.17,8.25
Namakkal,10.26,157.17,154.23,1.89
Erode,0.45,-8.35,158.14,8.49
Namakkal,9.36,123.02,470.15,7.72
Namakkal,2.07,114.82,255.78,5.83
Namakkal,7.08,75.73,448.92,9.72
Namakkal,8.8,165.08,405.21,4.83
Namakkal,13.23,98.07,247.56,3.52
Erode,-0.61,3.58,390.83,18.85
Erode,3.32,2.75,143.25,5.75
Salem,0.52,6.31,392.35,20.24
Namakkal,8.52,128.5,446.61,6.53
Salem,1.19,8.51,153.66,7.76
Erode,1.83,4.04,151.89,7.27
Namakkal,6.68,167.41,478,6.14
Namakkal,6.3,92.6,246.05,4.45
Salem,0.86,17.92,150.84,5.86
Namakkal,4.99,119.31,271.41,4.81
Erode,1.79,-2.56,436.9,20.05
Namakkal,11.77,67.12,86.24,1.68
Namakkal,3.34,46.71,332.25,9.14
Namakkal,12.16,153.12,203.2,2.49
Salem,0.83,-5.26,185.32,8.82
Salem,1.74,11.29,41,1.77
Namakkal,7.71,159.98,288.77,4.22
Erode,1.12,3.35,497.09,22.51
Erode,2.62,-10.24,440.08,18.53
Salem,0.73,5.69,459.5,22.47
Namakkal,5.75,94.33,148.54,2.75
Erode,3.46,-1.47,82,3.78
Salem,2.71,13.59,349.93,14.27
Namakkal,14.57,129.66,110.37,1.33
Erode,2.2,10.08,342,16.83
Namakkal,2.23,81.88,130.14,3.12
Salem,-0.2,14.92,421.7,23.03
Salem,0.76,12.93,281.49,14.39
Erode,-0.59,14.29,333.85,17.55
Erode,-1.04,9.78,347.91,16.7
Namakkal,5.95,99.05,483.14,9.35
Namakkal,14.28,41.86,170.9,3.39
Erode,2.46,-13.43,255.8,11.96
Erode,3.08,-7.27,182.98,8.35
Salem,1.77,16.55,431.62,16.45
Namakkal,2.32,76.14,422.98,9.68
Salem,-1.93,10.05,34.13,1.87
Namakkal,10.61,105.87,246.5,4.06
Erode,0.64,-7.94,66.18,3.48
Salem,1.87,25.52,116.19,4.45
Salem,4.8,-8.55,373.07,15.99
Namakkal,13.31,65.83,178.37,2.92
Namakkal,3.39,144.95,245.78,4.42
Salem,3.79,20.72,450.85,14.22
Salem,1.99,-6.14,155.17,6.41
Namakkal,12.28,170.54,82.72,0.94
Salem,-1.49,25.48,302.18,13.84
Erode,-1.39,-8.52,474.23,23.59
Erode,-0.36,4.55,328.63,18.05
Namakkal,13.01,89.77,120.44,1.75
Erode,3.77,-6.74,401.32,17.5
Erode,-1.96,-0.02,455.5,26.61
Salem,-1.95,-7.62,104.87,5.26
Erode,-0.68,-10.64,320.27,16.94
Erode,3.47,-1.99,355.08,13.88
Erode,2.86,14.98,451.48,17.78
Erode,-0.45,8.31,131.81,7.22
Erode,3.41,18.61,425.3,13.87
Salem,-1.49,7.85,412.36,21.91
Erode,-1.23,15,245.22,12.58
Salem,4.65,5.11,394.03,15.62
Erode,-0.47,13.29,411.57,20.07
Erode,2.23,23.26,102.12,4
Namakkal,9.35,66.1,127.79,2.81
Namakkal,10.11,61.12,23.57,0.47
Salem,3.11,-1.08,288.58,12.51
Namakkal,3.58,87.63,471.21,11.56
Namakkal,7.59,55.04,81.3,1.98
Erode,1.33,7.74,86.4,4.28
Namakkal,5.47,171.51,300.91,4.28
Salem,3.47,4.66,211.72,8.86
Erode,3.09,-9.94,217.08,9.36
Namakkal,11.1,85.85,7.15,0.12
Erode,0.18,9.78,286.44,13.99
Erode,1.07,21.1,423.69,15.85
Namakkal,2.27,100.32,57.03,1.19
Erode,3.99,0.59,202.03,7.85
Erode,1.99,22.36,445.9,17.35
Erode,-1.63,0.92,344.89,17.63
Salem,4.02,9.27,431.1,18.21
Salem,3.24,13.06,294.35,12.71
Erode,0.09,-2.59,21.75,1.12
Namakkal,3.31,80.04,167.01,3.65
Namakkal,11.67,59.37,118.55,2.36
Namakkal,14.15,125.91,446.94,6.31
Erode,-1.28,0.35,244.17,13.35
Namakkal,4.85,68.31,213.78,5.24
Namakkal,6.63,88.51,367.9,7.32
Namakkal,13.55,95.35,365.16,5.98
Namakkal,11.58,51.01,114.21,2.56
Erode,2.57,9.04,160.8,7.54
Salem,-1.8,-2.7,263,13.98
Salem,4.72,19.05,429.35,14.47
Salem,0.89,-2.17,464.67,21.24
Namakkal,9.21,152.89,354.99,5.18
Erode,0.67,4.5,160.37,7.97
Erode,-0.17,-14.28,151.62,8.05
Erode,3.66,17.24,252.47,9.08
Erode,-0.85,-4.71,380.72,20.08
Salem,-0.02,6.92,498.68,23.43
Namakkal,12.69,48.18,334.25,7.38
Salem,-0.84,13.18,25.96,1.24
Erode,1.24,13.64,125.16,6.27
Salem,2.75,-3.53,44.23,1.76
Erode,2.18,-1.36,231.08,10.87
Salem,4.05,24.97,129.02,4.44
Namakkal,2.92,137.11,291.62,5.2
Salem,1.08,23.39,355.16,12.79
Erode,3.91,24.05,66.77,2.07
Salem,1.39,14.21,207.73,8.93
Namakkal,12.14,123.16,11.86,0.18
Salem,0.4,28.5,350.27,13.22
Salem,5,-0.27,378.29,14.05
Erode,-1.81,12.94,68.87,3.58
Salem,0.69,4,285.4,14.51
Erode,1.66,3.37,81.88,3.97
Salem,2.09,-4.66,447.74,18.69
Erode,-1.54,0.84,150.4,7.94
Salem,3,-4.97,242.64,11.59
Erode,0.06,17.9,386.27,17.78
Erode,-1.38,-8.18,412.46,19.97
Erode,-1.11,9.39,441.84,22.65
Namakkal,8.09,98.34,94.4,1.69
Salem,4.09,-9.1,187.42,8.05
Salem,3.57,9.23,136.49,5.34
Namakkal,9.69,104.56,80.72,1.32
Erode,0.16,2.43,427.13,20.81
Salem,1.91,0.66,205.88,10.23
Namakkal,7.57,53.32,281.04,6.16
Erode,1.56,7.94,324.64,14.58
Erode,-0.44,-1.33,247.23,13.79
Salem,-1.38,22.47,204.97,9.54
Namakkal,3.2,109.81,7.45,0.15
Erode,2.12,-13.92,272.96,12.29
Erode,2.13,-1.26,448.96,19.75
Namakkal,8.19,107.36,415.35,6.57
Salem,-0.8,14.79,233.82,13.07
Erode,1.85,8.06,490.44,22.87
Namakkal,3.61,142.22,402.02,6.82
Namakkal,13.44,90.5,449.63,7.48
Salem,-1.07,-7.97,228.06,11.9
Salem,0.65,-2.36,77.27,3.71
Namakkal,11.99,117.84,381.33,5.73
Salem,-0.54,6.77,479.09,23.28
Salem,-0.7,6.4,185.02,9.86
Salem,3.88,6.2,313.66,13.22
Namakkal,11.95,123.41,370.19,5.52
Namakkal,5.12,136.16,478.58,8.42
Erode,-0.01,17.55,150.28,6.13
Namakkal,13.61,122.03,243.03,3.37
Salem,4.72,9.25,474.62,20.62
Erode,3.92,9.66,212.71,8.9
Namakkal,8.51,75.33,434.92,7.93
Salem,1.8,1.54,175.31,7.96
Namakkal,8.67,138.82,124.9,1.68
Namakkal,7.8,67.7,333.16,6.71
Erode,1.05,-7.67,304.59,14.06
Namakkal,14.25,55.65,426.02,7.94
Namakkal,9.74,165.1,454.49,5.67
Salem,1.18,14.75,287.06,14.29
Salem,4.39,9.24,40.88,1.65
Erode,0.75,10.83,173.87,8.37
Salem,4,23.84,349.23,11.17
Namakkal,3.17,122.84,124.7,2.26
Salem,3.56,2.66,119.55,4.72
Namakkal,2.97,116.89,370.86,7.93
Namakkal,9.11,135.46,461.03,6.49
Namakkal,3.4,129.12,340.06,6.35
Namakkal,14.29,112.66,112.26,1.43
Salem,-0.47,-5.55,39.03,1.98
Salem,3.97,-1,220.36,8.82
Salem,1.99,0.26,351.33,17.51
Erode,3.5,16.77,488.03,18.03
Salem,0,17.31,42,1.72
Salem,0.97,19.39,114.77,4.89
Salem,0.77,2.13,136.95,6.64
Erode,2.56,-11.21,419.62,19.64
Namakkal,9.91,103.02,447.4,7.47
Erode,3.49,6.01,59.83,2.34
Salem,-1.38,3.91,262.15,15.12
Salem,1.31,21.24,198.02,7.27
Namakkal,6.34,101.25,182.33,3.7
Erode,0.71,-1.62,309.96,15.8
Namakkal,10.61,168.99,149.29,1.77
Salem,-0.2,1.31,223.03,10.82
Erode,3.93,-7.42,342.93,15.55
Namakkal,10.02,67.37,78.01,1.58
Salem,1.32,11.95,410.03,18.82
Salem,1.32,-7.19,277.44,13.15
Salem,-1.95,23.35,351.12,17.03
Namakkal,6.58,78.93,163.8,3.1
Salem,3.97,19.49,359.71,11.68
Salem,-2,23.33,233.59,11.45
Salem,1.41,25.39,421.34,15.23
Namakkal,4.44,176.95,16.74,0.23
Salem,-0.58,0.06,134.33,6.47
Salem,2.95,28.12,475.06,16.47
Erode,0.01,11.14,258.1,13.36
Salem,4.82,2.39,44.19,1.87
Salem,0.07,-9.29,450.67,20.44
Salem,-1.6,22.07,86.73,3.99
Namakkal,5.32,54.73,204.04,5.62
Salem,2.47,20.09,160.1,5.73
Namakkal,13.7,58.33,55.21,0.93
Salem,4.08,-1.89,229.85,8.65
Erode,1.38,6.73,264.3,12.32
Namakkal,14.52,55.31,85.81,1.45
Namakkal,7.1,145.41,136.77,2.12
Salem,1.83,5.2,169.23,7.41
Namakkal,5.8,110.66,112.47,2.2
Salem,0.94,29.33,257.03,8.9
Salem,4.93,1.38,490.94,20.94
Salem,1.11,6.75,64.71,2.89
Salem,0.92,-7.19,376.36,17.11
Erode,3.4,16.23,394.66,15.65
Salem,-1.82,27.48,342.33,14.87
Salem,-0.86,19.91,101.54,4.59
Erode,0.98,17.22,288.47,10.98
Salem,0.93,11.94,181.71,8.37
Salem,2.63,-4.37,214.09,10.38
Salem,1.63,16.29,475.88,17.46
Salem,-1.02,5.58,343.89,19.84
Namakkal,7.01,154.8,302.4,4.77
Salem,2.26,-4.47,409.53,17.84
Salem,-0.24,2.94,214.56,11.77
Namakkal,3.93,95.76,349.41,6.73
Salem,-0.91,0.17,98.32,5.24
Salem,-1.98,23.34,330.09,13.39
Salem,-1.14,9.45,66.66,3.6
Erode,-0.09,-12.97,227.47,12.19
Namakkal,3.54,85.28,225.37,4.69
Salem,0.52,0.4,121.47,5.69
Erode,0.89,24.1,401.91,14.87
Erode,0.6,11.01,205.47,9.13
Salem,-1.37,1.31,219.6,10.64
Erode,-0.43,19.87,46.85,1.9
Salem,2.24,13.83,390.88,19.16
Namakkal,11.23,146.76,157.82,2.16
Salem,0.48,20.3,89.59,3.3
Namakkal,3.51,177.76,133.4,2.12
Salem,4.27,20.53,226.14,7.34
Salem,4.25,-5.56,421.16,15.82
Salem,4.59,6.57,351.92,13.63
Erode,0.98,14.34,401.16,19.39
Erode,3.89,1.58,104.7,4.68
Salem,3.06,5.09,231.73,9.26
Salem,4.63,29.45,350.45,10.55
Erode,1.06,-12.55,23.52,1.15
Salem,2.58,3.42,110.4,4.59
Salem,-1.7,27.8,499.02,19.9
Salem,3.65,14.33,468.23,20.77
Namakkal,10.69,62.67,59.95,1.24
Salem,4.74,-6.15,443.18,19.5
Salem,-1.22,17.26,456.19,18.9
Salem,0.14,-7.56,93.29,4.17
Salem,1.32,15.11,17.72,0.73
Salem,2.13,0.08,270.59,11.05
Salem,-0.72,18.1,331.59,16.01
Salem,-0.59,17.69,463.96,19.34
Erode,-1.96,-1.58,365.52,19.52
Salem,4.85,0.96,447.63,17.26
Erode,-1.27,21.84,90.83,3.62
Namakkal,13.52,133.04,133.72,1.82