consumption_trend,case_growth_rate,current_stock,actual_days_to_stockout
11.2,127.51,107.15,1.48
4.13,87.89,235.04,5.44
10.48,137.95,351.93,4.4
13.97,71.46,30.79,0.56
4.48,8.79,82.17,3.1
6.58,50.42,341.66,8.37
-0.75,42.68,109.25,4.17
11.29,103.66,314.58,4.49
13.16,40.58,440.01,9.3
8.31,8.01,365.65,12.28
4.57,84.61,29.64,0.61
11.44,11.16,289.91,9.52
14.6,74.34,255.76,4.23
7.04,111.16,336.01,5.49
7.34,74.37,474.9,10.45
11.09,6.03,411.87,13.16
6.21,4.55,250.24,9.31
8.09,25.43,342.49,10.21
7.86,75.96,16.18,0.33
8.49,46.21,84.38,1.95
13.76,125.51,354.69,4.66
8.62,138.83,290.46,4.54
9.53,118.57,329.47,4.7
14.67,-4.86,263.46,7.39
14.02,63.52,386.6,6.36
5.72,114.62,328.06,5.37
6.66,83.54,33.62,0.69
8.14,47.29,144.14,3.13
-0.53,148.74,261.73,4.87
9.74,123.33,235.06,3.28
6.84,69.1,208.17,4.62
11.17,118.14,41.78,0.65
3.06,97.53,291.48,6.28
-0.32,74.47,100.65,2.99
11.41,24.85,439.4,11.01
13,130.42,446.24,5.63
11.1,47.81,322.01,6.65
11.41,24.11,175.79,4.43
12.54,104.42,385.19,5.22
9.1,99.83,140.28,2.41
3.72,31.17,132.09,3.89
11.95,144.73,311.17,3.9
2.48,105.9,41.22,0.82
9.77,77.37,450.67,9.15
3.18,139.51,234.33,3.87
13.98,141.28,137.16,1.83
4.46,111.18,274.28,4.96
-1.19,3.35,187.29,10.26
0.61,13.21,219.93,10.82
5.76,54.52,291.31,7.98
9.11,21.86,331.23,9.49
4.84,142.43,233.65,4
10.24,118.97,79.68,1.29
5.35,48.48,239.08,6.79
0.45,78.46,73.29,1.94
-0.18,49.03,186.44,6.56
14.57,2.8,146.82,4.6
8.98,110.46,381.38,6.35
12.41,46.71,389.19,8.86
0.05,-6.47,475.58,23.05
3.09,49.9,431.35,11.37
14.12,81.26,275.87,4.2
0.79,49.15,313.03,10.06
13.64,135.7,159.47,1.84
5.93,59.91,172.35,4.37
-0.1,42.95,170.6,6.59
3.01,44.16,227.63,6.74
-1.54,63.65,123.71,3.86
13.28,139.64,173.08,2.17
3.33,12.32,248.82,11.16
9.49,132.6,450.84,6.23
0.48,50.41,26.05,0.79
2.76,24.28,41.53,1.57
11.44,87.6,282.45,4.43
10.17,106.02,289.44,4.25
6.19,44.96,286.56,8.26
3.43,128,391.56,7.38
3.82,44.5,130.38,3.68
6.49,135.44,44.23,0.72
5.45,23.48,405.76,12.46
10.11,46.89,457.16,10.67
9.88,45.62,337.99,8.26
4.19,85.27,103.03,2.48
11.02,43.1,62.92,1.28
6.34,0.5,12.04,0.43
13.19,-3.02,163.1,5.15
13.24,-8.25,200.35,6.53
4.54,132.94,407.98,6.7
10.95,43.55,397.97,9.76
4.85,25.62,223.05,6.57
13.77,44.06,236.2,4.6
6,-3.61,350.69,12.31
3.2,114.06,98.57,1.84
11.48,26.35,389.27,10.52
14.84,0.96,276.58,8.03
3.5,-3.5,334.78,13.77
4.57,26.27,40.08,1.31
8.73,106.19,106.83,1.89
9.68,142.7,469.38,5.95
12.49,131.96,359.45,4.81
2.27,108.45,429.55,9.45
9.94,122.47,248.51,3.79
-0.13,109.93,59.09,1.46
5.42,7.66,89.01,3.35
2.14,100.39,487.47,11.38
11.71,85.93,189.27,3.46
2.61,52.67,461.57,13.08
6.48,141.92,221.46,3.16
-1.26,-8.16,332.1,16.11
5.33,116.84,124.96,2.36
12.46,9.92,352.27,9.82
0.78,80.96,339.57,8.65
-0.58,39.56,124.92,4.47
13.99,17.05,173.62,4.31
11.36,95.94,410.74,6.32
10.72,22.85,31.74,0.89
1,45.69,236.18,8.23
-1.01,73.21,122.83,3.47
7.07,89.16,49.96,1.01
2.23,112.58,478.78,10.38
10.67,28.8,86.86,2.14
4.71,124.25,60.4,1.17
6.92,13.74,335.67,12.86
4.86,-4.23,301.57,12.98
8.34,122.42,302.49,4.72
13.1,59.74,86.41,1.76
0.44,102.58,100.61,2.38
7.06,140.54,199.58,2.79
-1.09,73.78,381.01,12.38
5.24,107.57,178.43,3.43
-1.36,125.01,191.93,4.57
3.85,43.01,285.83,8.39
3.48,137.61,425.46,7.15
11.26,100.68,27.66,0.48
11.46,96.22,40.7,0.72
7.17,-3.1,218.61,8
14.57,127.32,449.67,6.14
8.72,74.89,130.97,2.82
3.72,117.08,44.75,0.89
-0.69,21.29,43.9,2.03
3.21,20.84,367.71,12.54
14.53,87.33,95.45,1.39
14.27,19.88,71.55,1.66
7.74,6.79,223.75,8.4
6.41,-9.99,415.33,16.64
0.05,123.3,229.96,5.32
4.81,34.09,88.36,2.73
-1.33,26.99,360.31,14.48
6.45,68.84,247.36,5.35
7.45,73.97,291.83,5.58
-1.96,-9.54,398.81,22.72
0.12,88.69,173.35,4.33
8.03,137.67,260.64,3.93
11.42,3.87,377,11.29
10.68,93.24,124.4,2.24
5.54,4.81,123.56,5.31
14.26,62.59,412.26,6.67
3.82,74.4,431.79,9.51
4.84,18.46,428.18,15.08
7.08,118.93,275.94,4.46
2.8,62.65,184.56,4.5
13.58,62.7,282.53,4.94
1.86,69.07,302.96,7.8
-1.48,-0.81,479.04,23.99
8.82,24.07,369.56,9.49
14.28,140.59,147.06,1.88
9.38,102.7,129.12,2.13
-0.44,86.97,191.73,5.19
8.95,134.9,460.05,7.39
5.44,-5.71,206.94,7.36
9.64,40.18,381.18,9.27
5.14,120.11,262.44,4.66
-0.78,146.11,196.63,3.93
5.86,104.96,346.99,6.34
7.65,36.46,328.24,7.9
11.14,146.02,449.28,5.32
-0.86,47.74,476.89,16.23
10.55,144.76,463.79,5.71
0.42,9.41,443.48,21.88
0.01,131.96,323.92,6.64
7.89,55.41,72.81,1.77
0.47,137.92,273.26,6.12
13.9,27.6,442.71,9.58
3.14,70.92,250.89,6.03
3.86,59.94,100.38,2.48
1.54,105,180.77,3.7
14.72,110.05,363.55,5.16
11.21,27.41,358.81,9.87
-1.06,56.28,432.49,15.76
10.49,104.7,302.47,5.04
5.09,144.67,97.94,1.57
12.93,-3.96,232.09,7.02
8.11,88.69,63.36,1.31
14.55,13.75,404.1,12.48
5.08,86.13,37.13,0.86
3.03,108.6,224.77,5.13
12.23,73.46,321.32,5.47
3.55,133.29,295.91,5.08
4.86,36.58,452.12,12.16
14.66,101.84,52.58,0.69
-1.69,7.44,384.79,19.26
5.76,20.31,306.77,9.96
-0.69,6.3,425.48,20.2
-1.62,123.35,76.95,1.73
-1.73,54.4,94.28,3.24
6.53,108.06,342.01,6.55
3.32,34.51,218.4,7.37
14.78,147.77,347.53,4.25
5.17,-3.44,62.38,2.26
11.54,42.94,340.56,8.25
9.1,48.93,170.99,3.8
0.41,133.61,80.55,1.62
13.28,10.4,353.44,9.96
0.88,132.29,367.56,7.62
6.35,1.85,155.96,5.43
14.27,126.61,288.69,3.46
13.98,32.78,179.83,4.08
11.51,103.12,463.07,6.8
6.66,103.6,233.41,4.71
11.31,100.38,16.78,0.25
2.02,43.98,102.73,3.46
2.45,92.25,194.02,4.66
6.05,13.51,9.12,0.37
4.79,145.28,26.43,0.42
5.17,84.83,87.86,1.85
4.75,120.07,343.48,5.78
14.56,75.74,116.3,1.95
9.05,80.44,406.2,7.39
8.28,45.58,163.99,4.04
3.45,131.09,263.42,5
2.82,0.65,111.28,4.93
6.61,111.71,277.1,5.22
6.27,14.4,338.94,13.29
-1.56,76.15,18.93,0.53
11.15,50.66,224.54,4.47
5.92,92.44,163.39,2.99
9.29,83.93,330.99,5.72
5.8,87.95,59.73,1.29
0.07,92.04,156.72,3.89
1.03,101.06,327.52,8.46
7.21,132.73,91.27,1.47
5.65,-8.75,439.81,16.44
4.28,64.2,34.36,0.91
7.52,134.03,55.96,0.94
8.79,76.95,175.29,3.21
11.24,43.81,171.92,3.98
3.54,118.7,410.3,7.75
9.42,45.69,35.57,0.77
8.62,12.02,409.2,14.82
-0.25,149.38,150.26,3.1
9.95,11.68,370.23,12.05
6.77,139.18,79.37,1.33
8.1,83.51,422.96,7.94
13.25,106.69,177.29,2.44
8.79,23.1,398.38,11.7
-1.65,40.87,198.5,7.55
10.5,6.33,333.86,10.33
0.54,46.94,7.13,0.24
4.78,75.13,396.28,9.78
11.39,111.8,406.4,5.53
-1.1,48.78,391.62,14.11
8.11,91.27,287.4,5.36
7.88,21.24,326.32,9.2
13.02,-9.9,320.43,8.82
11.78,10.47,157.59,4.49
-0.27,96.15,322.36,7.55
9.59,126.54,479.55,7.06
14.13,30.14,256.79,5.44
5.64,10.97,302.12,11.26
1.46,48.1,318.51,10.35
7.87,63.09,64.06,1.32
5.84,77.41,418.39,9.15
5.4,-3.71,416.78,14.84
2.09,19.45,403.02,14.84
5.32,-1.99,34.96,1.26
7.19,30.02,380.86,9.8
-1.37,2.74,364.73,20.34
8.42,23.19,363.79,10.61
1.72,-5.39,221.69,11.03
3.13,129.28,87.3,1.55
13.34,61.22,110.63,2.08
3.16,19.06,87.88,3.37
1.59,91.31,426.68,9.75
4.36,131.3,390,7.1
9.55,-0.41,239.11,8.05
13.36,131.15,40.74,0.48
3.87,52.4,259.03,7.62
-1.23,25.78,104.51,4.85
12.72,68.63,472.81,7.79
-1.18,135.31,198.14,4.69
14.45,138.35,397.71,4.41
2.23,77.36,107.33,2.47
13,64.31,99.1,1.65
6.29,68.26,142.54,3.35
9.13,49.71,498.51,10.82
7.08,112.17,106.75,1.99
4.87,139.41,388.39,6.37
0.24,88.87,55.17,1.31
9.33,23.07,51.12,1.55
9.05,134.05,426.58,6.12
2.52,119.75,90.15,1.99
2.37,132.56,118.35,2.46
-0.21,59.49,396.8,11.78
1.91,125.13,77.19,1.68
1.93,71.02,207.3,5.26
1.29,112.17,180.98,3.83
4.34,25.3,36.63,1.23
4.93,-6.44,378.67,13.9
13.5,23.25,258.46,5.77
1.65,57.82,209.4,5.92
13.09,53.4,475.57,9.76
9.4,64.53,17.09,0.32
5.67,93.36,17.46,0.35
11.69,115.17,372.32,5.07
4.14,81.33,456.42,11.21
4.84,134.03,491.81,7.69
-0.04,128.41,184.28,4.19
13.26,122.18,429.74,5.38
7.42,77.16,282,5.88
4.57,50.59,246.6,6.46
-0.94,61.75,212.77,7.14
4.77,26.29,321.31,9.35
12.01,70.3,250.15,4.46
9.54,124.82,145.81,2.27
12.01,132.68,55.11,0.77
11.7,118.59,211.37,2.85
-0.79,107.95,24.75,0.68
6.46,142.64,317.12,5.26
-0.57,56.98,409.81,12.92
3.24,40.47,382.65,11.32
12.95,-9.34,328.14,9.94
9.24,103.6,361.09,6.1
2,25.5,411.85,15.58
11.86,104.09,354.19,5.05
9.76,51.01,67.73,1.37
12.46,71.42,118.54,2.3
11.49,-1.2,419.79,14.23
14.58,1.18,19.19,0.53
12.99,18.66,233.17,5.9
12.31,145.5,466.72,5.76
10.96,104.47,287.58,4.5
0.31,145.61,74.22,1.54
8.81,26.45,44.46,1.22
8.82,30.45,108.04,2.65
0.64,35.97,380.69,13.07
13.12,2.94,123.36,3.69
9.22,123.56,113.68,1.9
-0.19,110.44,369.98,8.03
3.93,115.2,29.06,0.61
8.53,58.95,138.8,2.82
9.05,110.26,351.71,6.28
1.25,-9.83,88.66,4.18
14.65,53.7,308.25,5.27
5.96,148.41,298.81,4.91
5.77,31,272.45,8.7
7.7,58.05,409.8,8.79
8.64,58.61,477.77,10.39
3.97,58.04,498.86,12.18
5.51,50.41,204,5.18
-1.94,84.86,290.07,8.71
9.82,18.79,138.66,3.94
1.37,14.2,128.25,5.93
7.16,105.29,223.52,4
14.6,29.48,116.47,2.74
10.12,6.19,188.43,6.06
14.68,37.61,229.76,4.8
0.07,139.08,127.43,2.7
-0.51,65.26,359.89,11.93
11.33,39.76,74.98,1.85
0.79,37.12,199.56,6.75
10.3,3.27,57.39,1.9
-0.97,125.03,51.8,1.3
0.35,11.14,186.03,10.05
2.71,127.58,104.23,2.02
8.63,137.02,497.93,6.62
10.1,78.9,462.93,8.3
6.78,145.43,285.61,4.74
13.98,142.18,54.47,0.72
11.06,84.69,225.48,4.08
5.82,21.2,329.35,9.74
6.68,57.76,199.24,4.68
-0.17,6.54,65.98,3.64
11.81,103.29,188.35,2.92
2.14,141.56,197.77,3.92
13.67,61.31,293.58,5.1
14.99,90.19,410.48,5.59
6.54,-9.96,54.12,1.96
0.3,23.75,320.82,11.91
8.62,3.86,65.58,2.4
2.39,128.89,298.11,5.56
9.84,12.05,296.02,10.48
14.75,36.36,449.35,9.18
12.4,31.68,471.07,9.96
-1.09,15.15,488.19,22.94
1.04,28.85,37.95,1.28
10.95,60.5,469.92,9.84
13.52,146.88,59.19,0.78
6.6,4.12,65.2,2.51
4.28,16.45,43.23,1.46
11.41,74.6,108.37,1.79
2.35,49.68,102.59,2.99
5.49,14.13,23.79,0.89
3.32,82.52,214.55,5.46
10.2,57.11,371.19,7.71
7.17,79.67,82.2,1.73
3.24,117.93,427.6,8.27
10.58,109.39,247.81,4.25
7,75.19,64.14,1.27
8.26,108.16,212.11,3.89
7.79,-0.9,288.34,9.38
13.88,114.34,285.36,4.25
6.06,77.06,311.49,6.49
7.26,70.6,9.92,0.2
-1.68,63.89,54.79,1.73
3.79,64.9,191.78,5.25
5.51,81.22,161.9,3.22
-0.32,146.23,364.21,8
0.89,116.93,273.1,6.63
13.85,42.65,421.78,8.55
10.63,95.36,370.43,5.91
3.27,112.4,321.15,6.02
-1.07,52.19,416.17,13.67
-1.23,40.14,397.92,15.57
6.91,0.6,443.29,17.98
4.5,62.71,169.5,4.24
5.9,74.92,465.35,9.84
8.25,92.65,57.2,1.13
11.91,28.12,234.9,5.94
11.25,34.04,106.82,2.76
4.34,73,54.97,1.31
6.47,79,246.85,5.15
13.71,62.66,391.47,7.32
8.13,31.44,392.67,9.84
13.17,125.2,149.85,2.03
8.95,84.08,486.84,9.9
7.91,20.39,234.29,6.64
4.38,57.73,299.47,7.23
1.89,43.83,407.35,13.55
9,107.52,393.8,5.92
13.93,143.43,324.89,4.3
12.08,95.07,269.55,4.7
10.02,48.98,281.52,6.82
7.2,63.3,221.96,4.66
6.82,146.95,492.73,7.36
13.23,14.97,462.03,13.48
0.66,-6.38,421.82,18.66
5.8,-6.1,239.7,8.95
14.47,48.68,16.38,0.35
10.78,108.56,471.84,7.79
13.57,-3.27,197.35,6.12
12.21,93.36,228.31,3.69
6.13,94.59,41.53,0.75
6.2,30.87,153.85,4.5
4.53,-2.09,221.65,8.19
7.61,104.8,8.44,0.15
7.1,149.2,352.3,4.7
1.11,128.92,32.01,0.6
3.86,2.16,344.66,13.4
10.01,73.81,302.96,5.68
13.15,52.87,99.69,2.14
0.31,82.33,37.58,1.09
0.81,6.47,239.15,11.12
13.3,26.72,159.35,3.45
13.05,97.71,310.87,4.98
14.43,30.96,108.69,2.6
12.77,42.13,26.69,0.6
9.38,51.4,79.32,1.77
6.65,122.73,361.73,5.5
12.14,136.24,8.54,0.12
4.83,67.82,478.35,11.75
11.5,121.91,415.24,5.42
9.4,2.87,100.04,3.74
3.24,139.22,337.15,6.17
-0.8,137.41,126.58,2.74
13.9,104,52.57,0.73
-1.58,146.06,386.62,7.99
3.22,7.57,262.58,10.89
12.99,9.56,470.47,13.47
14.11,95.07,206.83,3.15
12.7,146.97,409.07,5.29
10.78,13.58,209.31,6.32
2.32,85.27,401.2,8.77
8.61,111.49,264.78,4.04
9.4,-8.6,153.24,5.29
8.98,30.63,352.31,9.83
10.68,110.99,257.2,4.18
0.95,122.25,347.95,7.49
10.69,99.78,66.94,1.08
-1.51,94.64,285.8,7.98
8.7,68.98,285.53,5.73
3.25,21.43,385.74,12.97
1.43,131.17,192.18,4.04
5.3,44.06,351.67,8.95
6.27,142.46,111.71,1.72
7.17,2.23,16.53,0.64
9.21,59.58,260.33,6.14
4.52,96.18,218.83,4.32
8.12,143.2,466.31,6.27
0.08,-0.89,214.01,11.25
13.31,72.15,369.72,6.67
6.36,148.26,28.43,0.43
9.85,70.91,465.26,8.62
11.05,-2.95,178.32,5.64
7.76,45.54,34.73,0.77
2.35,122.51,70.89,1.51
14.28,52.75,334.29,6.47
12.29,51.1,212.83,4.05
6.85,77.73,59.11,1.33
2.39,37.86,303.48,10.11
-0.09,7.85,283.1,13.29
14.03,110.75,165.63,2.48
10.47,101.13,63.07,0.94
4.03,23.92,249.14,8.07
9.05,92.71,239.91,4.28
13.83,134.4,340.25,4.19
1.09,39.73,79.78,2.65
8.07,49.24,466.84,10.89
10.25,54.11,336.85,7.02
10.78,51.69,240.18,5.34
7.49,85.29,14.74,0.31
4.09,63.51,58.76,1.37
11.65,131.16,215.45,3.08
-1.15,-3.25,355.26,18.32
4.4,142.44,70.97,1.24
9.27,131.52,181.24,2.71
6.9,-8.72,456.34,17.13
8.65,33.09,356.8,9.19
4.27,129.58,269.51,4.39
6.01,141.23,473.18,7.15
11.29,97.26,220.05,3.84
7.81,149.2,217.8,3.45
6.37,4.48,320.73,12.36
8.69,64.4,488.81,10.02
2.94,10.6,55.39,2.64
3.03,98.03,456.72,9.49
7.35,83.17,26.54,0.58
14.43,85.26,176.33,2.87
7.56,37.79,288.39,7.62
13.67,74.34,106.37,1.7
-1.34,0.51,286.14,14.98
9.72,43.2,441.43,10.58
3.46,146.51,156.46,2.83
5.91,122.89,499.31,8.76
2.12,70.16,39.34,1.11
13.81,48.72,39.32,0.73
11.04,130.9,251.11,3.72
9.18,129.97,463.42,7.02
-1.57,94.92,323.73,9.12
9.46,93.35,272.76,4.72
8.66,43.2,384.41,9.1
10.39,138.94,101.49,1.33
4.39,51.52,353.52,10.42
13.01,93.26,14.92,0.21
7.18,77.01,476.87,10.12
-0.4,22.37,289.96,12.48
14.54,79.65,153.28,2.56
-1.38,37.68,31.58,1.25
2.77,32.72,172.55,5.34
8.73,73.04,120.24,2.44
9.28,54.8,106.83,2.34
4.38,21.34,315.06,11.06
9.82,-9.53,407.37,13.29
6.38,122.35,21.97,0.39
14.81,17.87,332.09,7.52
5.7,90.66,217.21,4.53
1.71,20.21,110.93,4.01
13.05,77.88,230.48,3.85
6.43,117,382.82,6.1
6.3,68.46,139.79,3.21
14.33,46.4,429.42,9.08
11.48,84.39,316.53,5.59
7.31,3.83,434.22,16.2
14.04,131.87,23.68,0.29
-0.71,68.1,319.43,9.01
9.66,23.18,400.63,10.89
4.87,-4.26,421.06,16.78
0.7,91.49,334.17,8.95
-1.99,132.14,241.46,6.26
6.83,2.34,458.19,17.4
0.32,12.46,153.25,8.09
6.76,125.87,421.71,6.34
13.91,-0.01,350.87,9.37
14.96,9.91,177.2,4.57
-1.32,15.87,325.18,14.8
3.05,106.66,307.74,5.9
8.97,6.58,487.53,17.47
1.94,12.59,458.66,19.68
8.81,115.95,304.32,5.27
1.69,50.64,251.52,7.55
2.5,111.78,208.06,4.72
0.21,144.1,143.35,3.17
13.49,45.56,393.74,8.75
-0.07,42.57,253.47,9.23
10.93,20.12,359.67,10.16
7.17,32.35,298.89,8.54
4.21,138.45,353.65,6.64
6.74,137.52,85.23,1.24
7.76,88.79,409.34,8.13
12.08,91.43,462.02,6.91
13.49,77,11.15,0.18
14.85,132.3,496.13,5.75
7.81,32.23,322.42,7.94
-1.36,131.51,454.72,10.31
4.84,93.73,159.05,3.46
3.97,109.41,23.32,0.49
12.48,69.51,291.49,4.97
8.83,113.46,297.38,5.26
3.21,142.13,337.94,5.5
0.4,41.62,190.83,6.78
8.1,34.69,425.3,11
3.64,114.85,80.46,1.6
6.34,100.02,87.59,1.79
6.23,81.46,73.38,1.67
3.19,113.51,417.65,7.85
13.96,88.5,189.43,3.22
8.79,52.85,337.31,8.36
10.3,66.05,65.67,1.24
2.93,26.7,375.72,13.18
13.61,23.65,220.47,4.91
6.59,126.34,322.99,5.35
3.17,109.94,294.59,5.48
12.02,127.05,216.33,2.92
3.22,118.81,131.45,2.54
14.57,46.64,389.73,7.26
11.77,74.15,101.32,1.72
-0.07,128.78,170.6,3.79
7.02,19.42,339.98,10.12
8.98,33.02,305.87,7.33
14.72,144.52,418.94,5.37
10.13,131.42,461.81,6.46
-1.48,135.77,490.85,12.1
6.5,128.41,468.97,8.49
2.46,133.52,375.75,6.97
-1.44,14.59,275.67,16.13
7.6,129.9,235.81,3.91
2.59,133.83,113.1,2.08
13.88,149.92,66.89,0.74
6.15,85.71,139.75,2.89
8.22,136.01,148.57,2.04
-0.99,29.96,255.81,9.61
1.24,93.27,401.76,10.07
12.7,122.37,23,0.3
1.66,52.77,375.53,12.38
9.3,95.3,374.68,6.47
7.19,116.99,224.1,4.11
2.15,126.64,290.89,5.73
7.99,39.61,292.42,8.2
-1.57,78.09,143.68,4.52
6.69,117.7,206.25,3.39
11.65,8.29,299.44,8.62
5.64,21.2,40.21,1.38
8.15,0.92,35.3,1.31
7.08,88.64,280.44,5.35
5.42,42.07,354.38,10.46
9.06,32.69,347.66,8.79
0.38,87.6,360.52,9.29
-0.42,67.65,77.71,2.14
3.96,29.3,15.59,0.53
4.92,-0.63,118.25,4.81
0.69,87.21,147.4,4.15
-0.18,6.84,50.88,2.48
12.64,34.63,319.66,6.88
2.68,10.09,101.68,4.66
4.16,62.34,408.97,10.92
-0.88,43.96,163.34,5.51
14.58,111.22,32.57,0.47
7.05,106.19,397.05,7.44
-1.04,87.88,272.63,7.07
4.52,56.09,332.25,8.97
4,-2.93,152.45,6.47
10.38,57.22,437.82,8.53
11.4,-0.43,20.32,0.62
0.1,27.46,454.64,18.91
12.64,144.54,196.74,2.41
0.07,59.42,154.09,4.98
12.9,98.56,393.59,6.23
3.81,2.2,402.25,15.43
2.44,39.54,321.69,10.21
1.52,81.44,405.21,10.5
0.55,107.39,107.66,2.54
8.74,1.88,88.32,3.27
-1.34,14.66,234.71,11.39
0.27,107.54,208.48,4.85
9.71,85.23,103.93,1.82
8.21,81.23,91.26,1.76
0.86,11.34,220.66,10.76
9.41,91.71,10.72,0.2
0.99,-2.5,329.07,16.15
12.47,-7.76,259.91,8.33
8.04,118.51,271.09,4.29
9.35,26.82,83.71,2.31
1.27,117.09,159.85,3.76
-1.25,107.59,338.94,8.89
9.1,35.74,54.19,1.28
2.1,34.5,99.8,3.41
4.53,66.1,455.31,11.46
-1.23,103.28,173.38,4.77
12.83,122.1,147.66,2.07
14.71,133.11,86.09,1.11
3.38,110.71,24.35,0.48
-0.66,36.3,403.96,14.56
13.01,46.18,348.86,7.36
8.72,96.26,264.52,4.56
5.83,4.64,32.11,1.15
7.84,127.99,415.64,6
11.15,43.24,75.65,1.73
14.03,55.69,25.53,0.48
1.63,93.06,305.34,7.42
10,135.45,313.04,4.32
4.67,24.81,42.28,1.41
3.23,130.26,415.98,7.54
9.2,96.43,321.19,5.3
-1.45,91.15,182.53,5.15
7.31,13.95,386.62,14.76
14.84,123.15,440,6.2
13.28,147.71,206.55,2.29
6.67,30.05,443.25,13.41
8.45,21.47,249.73,7.92
11.49,146.42,490.29,6.23
-0.03,81.88,285.49,8.16
3.89,125.71,404.55,7.27
6.3,16.31,25,0.8
4.46,59.78,140.1,3.49
14.84,5.25,223.63,6.06
6.62,97.16,298.86,5.34
2.6,149.65,270.7,4.89
4.78,61.91,398.07,10.09
10.56,3.92,357.52,11.8
7.48,99.24,402.08,8.01
8.07,-6.38,456.01,17.83
8.16,61.17,199.82,4.62
6.83,2.24,31.66,1.14
9.18,-3.03,414.83,13.01
1.35,15.56,276.33,11.92
7.16,39.02,66.34,1.91
3.52,65.7,471.81,12.57
4.75,76.11,433.72,10.09
6.48,110.48,303.23,5.64
4.01,10.12,256.89,9.95
9.81,121.92,363.56,4.97
3.25,-6.36,240.46,9.46
0.93,122.1,29.45,0.6
-0.21,143.84,187.31,4.26
8.73,129.65,317.42,4.99
9.75,71.63,214.75,4.41
13.5,149.55,200.93,2.26
3.71,40.67,397.51,12.82
6.83,35.85,50.26,1.5
9.39,61.33,349.71,7.34
4.83,27.26,457.18,15.22
7.44,149.68,190.75,2.82
12.16,128.84,293.35,4.01
10.26,40.93,178.03,3.9
-1.96,17.17,327.56,14.28
2.01,129.14,392.31,8.5
7.6,72.6,137.56,3.17
14.07,32.73,85.87,1.87
13.93,13.17,142.16,4.04
4.22,111.63,473.25,8.75
11.83,56.95,334.84,6.94
-1.29,129.23,456.69,11.21
5.82,-6.16,493.07,19.34
5.87,94.65,194.7,4.16
8.9,-2.25,223.24,7.35
8.82,54.61,107.8,2.26
3.92,53.61,481.8,12.81
7.75,63.17,287.25,6.17
-0.9,138.69,454.89,10.71
8.05,102.38,107.56,1.86
14.18,-3.26,229.62,6.42
10.17,28,328.99,8.34
7.36,25.07,158.86,4.33
11.75,137.53,463.91,5.85
3.9,56.6,182.64,5.07
1.67,-7.9,381.24,17.61
11.53,15.6,308.83,8.35
12.76,78.26,471.35,7.49
-1.44,146.6,32.78,0.77
0.89,33.76,453.22,17.21
11.24,86.68,141.84,2.66
3.48,24.69,209.72,7.79
0.8,70.07,281.4,7.52
-1.39,70.46,241.3,8.08
1.02,46.01,446.76,16.01
-0.39,111.1,337.73,8.59
6.65,42.98,411.68,10.14
7.67,148.09,29.74,0.47
5.35,123.15,109.84,1.79
4.03,19.28,42.76,1.51
1.01,31.82,145.26,5.39
-0.26,76.07,32.67,0.95
10.45,128.99,435.5,6.82
4.37,122.63,287.45,5.57
0.54,105.48,274.83,6.06
13.58,20.89,15.12,0.34
10.07,-7.37,400.37,12.67
2.54,114.72,239.22,4.9
-1.17,126.32,242.22,6.13
9.03,51.44,75.02,1.78
13.33,1.22,274.33,8.13